199,blastingnews.com
200,slideshare.net
201,amazon.fr
202,varzesh3.com
203,foxnews.com
204,mozilla.org
205,google.ro
206,google.be
207,flickr.com
208,amazon.it
209,9gag.com
210,cnzz.com
211,detik.com
212,bp.blogspot.com
213,forbes.com
214,zol.com.cn
215,tribunnews.com
216,github.io
217,1688.com
218,youporn.com
219,fbcdn.net
220,google.com.ph
221,deviantart.com
222,google.com.pe
223,tistory.com
224,upornia.com
225,mega.nz
226,blogspot.in
227,google.at
228,w3schools.com
229,huanqiu.com
230,bet365.com
231,chaturbate.com
232,skype.com
233,taringa.net
234,ozock.com
235,spotify.com
236,kakaku.com
237,theladbible.com
238,putlocker.is
239,google.cn
240,homedepot.com
241,livejournal.com
242,comcast.net
243,bestbuy.com
244,capitalone.com
245,wikihow.com
246,doubleclick.net
247,extratorrent.cc
248,leboncoin.fr
249,google.ch
250,google.az
251,nih.gov
252,americanexpress.com
253,webtretho.com
254,savefrom.net
255,nbcolympics.com
256,youm7.com
257,allegro.pl
258,google.se
259,onet.pl
260,popcash.net
261,yesky.com
262,nametests.com
263,blkget.com
264,roblox.com
265,hdfcbank.com
266,xfinity.com
267,groupon.com
268,wikimedia.org
269,onedio.com
270,snapdeal.com
271,twimg.com
272,blog.jp
273,usps.com
274,trello.com
275,google.dz
276,shutterstock.com
277,samsung.com
278,thewhizmarketing.com
279,archive.org
280,slack.com
281,google.com.bd
282,ups.com
283,wordpress.org
284,livejasmin.com
285,icicibank.com
286,babytree.com
287,wp.pl
288,softonic.com
289,usatoday.com
290,tokopedia.com
291,sabah.com.tr
292,files.wordpress.com
293,eksisozluk.com
294,citi.com
295,messenger.com
296,speedtest.net
297,reimageplus.com
298,amazon.es
299,google.pt
300,sourceforge.net
301,51.la
302,icloud.com
303,2ch.net
304,kompas.com
305,google.ae
306,orange.fr
307,mercadolivre.com.br
308,pandora.com
309,paytm.com
310,torrentz.eu
311,oracle.com
312,seznam.cz
313,battle.net
314,google.ie
315,tianya.cn
316,businessinsider.com
317,cnblogs.com
318,hp.com
319,medium.com
320,ebay-kleinanzeigen.de
321,wordreference.com
322,eastday.com
323,gmx.net
324,hurriyet.com.tr
325,giphy.com
326,goodreads.com
327,zendesk.com
328,doublepimp.com
329,google.cl
330,att.com
331,doorblog.jp
332,repubblica.it
333,google.co.il
334,telegraph.co.uk
335,ndtv.com
336,globaloffers.link
337,rambler.ru
338,xywy.com
339,google.hu
340,cctv.com
341,accuweather.com
342,rediff.com
343,bukalapak.com
344,about.com
345,wix.com
346,web.de
347,kaskus.co.id
348,google.cz
349,daikynguyenvn.com
350,spiegel.de
351,openload.co
352,irctc.co.in
353,ltn.com.tw
354,airbnb.com
355,fedex.com
356,liputan6.com
357,gsmarena.com
358,pinimg.com
359,weebly.com
360,verizonwireless.com
361,dell.com
362,adexc.net
363,youtube-mp3.org
364,espncricinfo.com
365,digikala.com
366,mama.cn
367,abs-cbn.com
368,bloomberg.com
369,media.tumblr.com
370,sharepoint.com
371,sberbank.ru
372,mailchimp.com
373,bitauto.com
374,mi.com
375,haber7.com
376,addthis.com
377,slickdeals.net
378,nyaa.se
379,douban.com
380,rt.com
381,scribd.com
382,webmd.com
383,gizmodo.com
384,t-online.de
385,acfun.tv
386,wetransfer.com
387,panda.tv
388,ruten.com.tw
389,evernote.com
390,gamersky.com
391,billdesk.com
392,milliyet.com.tr
393,suning.com
394,ps4ux.com
395,blogspot.com.br
396,hulu.com
397,caijing.com.cn
398,tuberel.com
399,wsj.com
